areaType,areaName,areaCode,date,newDailyNsoDeathsByDeathDate,cumDailyNsoDeathsByDeathDate
overview,United Kingdom,K02000001,2022-02-04,83,183502
overview,United Kingdom,K02000001,2022-02-03,119,183419
overview,United Kingdom,K02000001,2022-02-02,131,183300
overview,United Kingdom,K02000001,2022-02-01,169,183169
overview,United Kingdom,K02000001,2022-01-31,175,183000
overview,United Kingdom,K02000001,2022-01-30,179,182825
overview,United Kingdom,K02000001,2022-01-29,166,182646
overview,United Kingdom,K02000001,2022-01-28,188,182480
overview,United Kingdom,K02000001,2022-01-27,197,182292
overview,United Kingdom,K02000001,2022-01-26,184,182095
overview,United Kingdom,K02000001,2022-01-25,178,181911
overview,United Kingdom,K02000001,2022-01-24,212,181733
overview,United Kingdom,K02000001,2022-01-23,205,181521
overview,United Kingdom,K02000001,2022-01-22,208,181316
overview,United Kingdom,K02000001,2022-01-21,235,181108
overview,United Kingdom,K02000001,2022-01-20,192,180873
overview,United Kingdom,K02000001,2022-01-19,208,180681
overview,United Kingdom,K02000001,2022-01-18,218,180473
overview,United Kingdom,K02000001,2022-01-17,223,180255
overview,United Kingdom,K02000001,2022-01-16,242,180032
overview,United Kingdom,K02000001,2022-01-15,243,179790
overview,United Kingdom,K02000001,2022-01-14,224,179547
overview,United Kingdom,K02000001,2022-01-13,231,179323
overview,United Kingdom,K02000001,2022-01-12,226,179092
overview,United Kingdom,K02000001,2022-01-11,223,178866
overview,United Kingdom,K02000001,2022-01-10,230,178643
overview,United Kingdom,K02000001,2022-01-09,231,178413
overview,United Kingdom,K02000001,2022-01-08,206,178182
overview,United Kingdom,K02000001,2022-01-07,216,177976
overview,United Kingdom,K02000001,2022-01-06,206,177760
overview,United Kingdom,K02000001,2022-01-05,165,177554
overview,United Kingdom,K02000001,2022-01-04,194,177389
overview,United Kingdom,K02000001,2022-01-03,170,177195
overview,United Kingdom,K02000001,2022-01-02,162,177025
overview,United Kingdom,K02000001,2022-01-01,164,176863
overview,United Kingdom,K02000001,2021-12-31,144,176699
overview,United Kingdom,K02000001,2021-12-30,168,176555
overview,United Kingdom,K02000001,2021-12-29,122,176387
overview,United Kingdom,K02000001,2021-12-28,151,176265
overview,United Kingdom,K02000001,2021-12-27,126,176114
overview,United Kingdom,K02000001,2021-12-26,113,175988
overview,United Kingdom,K02000001,2021-12-25,107,175875
overview,United Kingdom,K02000001,2021-12-24,114,175768
overview,United Kingdom,K02000001,2021-12-23,130,175654
overview,United Kingdom,K02000001,2021-12-22,129,175524
overview,United Kingdom,K02000001,2021-12-21,104,175395
overview,United Kingdom,K02000001,2021-12-20,128,175291
overview,United Kingdom,K02000001,2021-12-19,110,175163
overview,United Kingdom,K02000001,2021-12-18,106,175053
overview,United Kingdom,K02000001,2021-12-17,123,174947
overview,United Kingdom,K02000001,2021-12-16,111,174824
overview,United Kingdom,K02000001,2021-12-15,114,174713
overview,United Kingdom,K02000001,2021-12-14,149,174599
overview,United Kingdom,K02000001,2021-12-13,105,174450
overview,United Kingdom,K02000001,2021-12-12,130,174345
overview,United Kingdom,K02000001,2021-12-11,105,174215
overview,United Kingdom,K02000001,2021-12-10,118,174110
overview,United Kingdom,K02000001,2021-12-09,126,173992
overview,United Kingdom,K02000001,2021-12-08,125,173866
overview,United Kingdom,K02000001,2021-12-07,126,173741
overview,United Kingdom,K02000001,2021-12-06,141,173615
overview,United Kingdom,K02000001,2021-12-05,115,173474
overview,United Kingdom,K02000001,2021-12-04,158,173359
overview,United Kingdom,K02000001,2021-12-03,142,173201
overview,United Kingdom,K02000001,2021-12-02,121,173059
overview,United Kingdom,K02000001,2021-12-01,136,172938
overview,United Kingdom,K02000001,2021-11-30,117,172802
overview,United Kingdom,K02000001,2021-11-29,142,172685
overview,United Kingdom,K02000001,2021-11-28,138,172543
overview,United Kingdom,K02000001,2021-11-27,119,172405
overview,United Kingdom,K02000001,2021-11-26,128,172286
overview,United Kingdom,K02000001,2021-11-25,140,172158
overview,United Kingdom,K02000001,2021-11-24,121,172018
overview,United Kingdom,K02000001,2021-11-23,146,171897
overview,United Kingdom,K02000001,2021-11-22,127,171751
overview,United Kingdom,K02000001,2021-11-21,116,171624
overview,United Kingdom,K02000001,2021-11-20,139,171508
overview,United Kingdom,K02000001,2021-11-19,138,171369
overview,United Kingdom,K02000001,2021-11-18,128,171231
overview,United Kingdom,K02000001,2021-11-17,122,171103
overview,United Kingdom,K02000001,2021-11-16,163,170981
overview,United Kingdom,K02000001,2021-11-15,161,170818
overview,United Kingdom,K02000001,2021-11-14,131,170657
overview,United Kingdom,K02000001,2021-11-13,150,170526
overview,United Kingdom,K02000001,2021-11-12,139,170376
overview,United Kingdom,K02000001,2021-11-11,153,170237
overview,United Kingdom,K02000001,2021-11-10,167,170084
overview,United Kingdom,K02000001,2021-11-09,156,169917
overview,United Kingdom,K02000001,2021-11-08,156,169761
overview,United Kingdom,K02000001,2021-11-07,158,169605
overview,United Kingdom,K02000001,2021-11-06,168,169447
overview,United Kingdom,K02000001,2021-11-05,162,169279
overview,United Kingdom,K02000001,2021-11-04,165,169117
overview,United Kingdom,K02000001,2021-11-03,178,168952
overview,United Kingdom,K02000001,2021-11-02,160,168774
overview,United Kingdom,K02000001,2021-11-01,188,168614
overview,United Kingdom,K02000001,2021-10-31,193,168426
overview,United Kingdom,K02000001,2021-10-30,161,168233
overview,United Kingdom,K02000001,2021-10-29,182,168072
overview,United Kingdom,K02000001,2021-10-28,198,167890
overview,United Kingdom,K02000001,2021-10-27,172,167692
overview,United Kingdom,K02000001,2021-10-26,174,167520
overview,United Kingdom,K02000001,2021-10-25,148,167346
overview,United Kingdom,K02000001,2021-10-24,164,167198
overview,United Kingdom,K02000001,2021-10-23,166,167034
overview,United Kingdom,K02000001,2021-10-22,148,166868
overview,United Kingdom,K02000001,2021-10-21,164,166720
overview,United Kingdom,K02000001,2021-10-20,151,166556
overview,United Kingdom,K02000001,2021-10-19,141,166405
overview,United Kingdom,K02000001,2021-10-18,136,166264
overview,United Kingdom,K02000001,2021-10-17,137,166128
overview,United Kingdom,K02000001,2021-10-16,151,165991
overview,United Kingdom,K02000001,2021-10-15,138,165840
overview,United Kingdom,K02000001,2021-10-14,160,165702
overview,United Kingdom,K02000001,2021-10-13,135,165542
overview,United Kingdom,K02000001,2021-10-12,134,165407
overview,United Kingdom,K02000001,2021-10-11,135,165273
overview,United Kingdom,K02000001,2021-10-10,114,165138
overview,United Kingdom,K02000001,2021-10-09,119,165024
overview,United Kingdom,K02000001,2021-10-08,121,164905
overview,United Kingdom,K02000001,2021-10-07,132,164784
overview,United Kingdom,K02000001,2021-10-06,111,164652
overview,United Kingdom,K02000001,2021-10-05,133,164541
overview,United Kingdom,K02000001,2021-10-04,111,164408
overview,United Kingdom,K02000001,2021-10-03,106,164297
overview,United Kingdom,K02000001,2021-10-02,117,164191
overview,United Kingdom,K02000001,2021-10-01,138,164074
overview,United Kingdom,K02000001,2021-09-30,126,163936
overview,United Kingdom,K02000001,2021-09-29,141,163810
overview,United Kingdom,K02000001,2021-09-28,118,163669
overview,United Kingdom,K02000001,2021-09-27,124,163551
overview,United Kingdom,K02000001,2021-09-26,109,163427
overview,United Kingdom,K02000001,2021-09-25,127,163318
overview,United Kingdom,K02000001,2021-09-24,138,163191
overview,United Kingdom,K02000001,2021-09-23,147,163053
overview,United Kingdom,K02000001,2021-09-22,157,162906
overview,United Kingdom,K02000001,2021-09-21,135,162749
overview,United Kingdom,K02000001,2021-09-20,157,162614
overview,United Kingdom,K02000001,2021-09-19,131,162457
overview,United Kingdom,K02000001,2021-09-18,135,162326
overview,United Kingdom,K02000001,2021-09-17,181,162191
overview,United Kingdom,K02000001,2021-09-16,159,162010
overview,United Kingdom,K02000001,2021-09-15,164,161851
overview,United Kingdom,K02000001,2021-09-14,164,161687
overview,United Kingdom,K02000001,2021-09-13,117,161523
overview,United Kingdom,K02000001,2021-09-12,141,161406
overview,United Kingdom,K02000001,2021-09-11,143,161265
overview,United Kingdom,K02000001,2021-09-10,149,161122
overview,United Kingdom,K02000001,2021-09-09,179,160973
overview,United Kingdom,K02000001,2021-09-08,141,160794
overview,United Kingdom,K02000001,2021-09-07,164,160653
overview,United Kingdom,K02000001,2021-09-06,156,160489
overview,United Kingdom,K02000001,2021-09-05,162,160333
overview,United Kingdom,K02000001,2021-09-04,143,160171
overview,United Kingdom,K02000001,2021-09-03,150,160028
overview,United Kingdom,K02000001,2021-09-02,137,159878
overview,United Kingdom,K02000001,2021-09-01,123,159741
overview,United Kingdom,K02000001,2021-08-31,125,159618
overview,United Kingdom,K02000001,2021-08-30,108,159493
overview,United Kingdom,K02000001,2021-08-29,137,159385
overview,United Kingdom,K02000001,2021-08-28,134,159248
overview,United Kingdom,K02000001,2021-08-27,137,159114
overview,United Kingdom,K02000001,2021-08-26,124,158977
overview,United Kingdom,K02000001,2021-08-25,106,158853
overview,United Kingdom,K02000001,2021-08-24,118,158747
overview,United Kingdom,K02000001,2021-08-23,119,158629
overview,United Kingdom,K02000001,2021-08-22,128,158510
overview,United Kingdom,K02000001,2021-08-21,113,158382
overview,United Kingdom,K02000001,2021-08-20,126,158269
overview,United Kingdom,K02000001,2021-08-19,113,158143
overview,United Kingdom,K02000001,2021-08-18,111,158030
overview,United Kingdom,K02000001,2021-08-17,98,157919
overview,United Kingdom,K02000001,2021-08-16,88,157821
overview,United Kingdom,K02000001,2021-08-15,91,157733
overview,United Kingdom,K02000001,2021-08-14,103,157642
overview,United Kingdom,K02000001,2021-08-13,96,157539
overview,United Kingdom,K02000001,2021-08-12,105,157443
overview,United Kingdom,K02000001,2021-08-11,87,157338
overview,United Kingdom,K02000001,2021-08-10,83,157251
overview,United Kingdom,K02000001,2021-08-09,84,157168
overview,United Kingdom,K02000001,2021-08-08,83,157084
overview,United Kingdom,K02000001,2021-08-07,106,157001
overview,United Kingdom,K02000001,2021-08-06,95,156895
overview,United Kingdom,K02000001,2021-08-05,100,156800
overview,United Kingdom,K02000001,2021-08-04,92,156700
overview,United Kingdom,K02000001,2021-08-03,80,156608
overview,United Kingdom,K02000001,2021-08-02,92,156528
overview,United Kingdom,K02000001,2021-08-01,96,156436
overview,United Kingdom,K02000001,2021-07-31,90,156340
overview,United Kingdom,K02000001,2021-07-30,102,156250
overview,United Kingdom,K02000001,2021-07-29,88,156148
overview,United Kingdom,K02000001,2021-07-28,82,156060
overview,United Kingdom,K02000001,2021-07-27,75,155978
overview,United Kingdom,K02000001,2021-07-26,79,155903
overview,United Kingdom,K02000001,2021-07-25,70,155824
overview,United Kingdom,K02000001,2021-07-24,68,155754
overview,United Kingdom,K02000001,2021-07-23,82,155686
overview,United Kingdom,K02000001,2021-07-22,85,155604
overview,United Kingdom,K02000001,2021-07-21,62,155519
overview,United Kingdom,K02000001,2021-07-20,68,155457
overview,United Kingdom,K02000001,2021-07-19,86,155389
overview,United Kingdom,K02000001,2021-07-18,72,155303
overview,United Kingdom,K02000001,2021-07-17,60,155231
overview,United Kingdom,K02000001,2021-07-16,54,155171
overview,United Kingdom,K02000001,2021-07-15,52,155117
overview,United Kingdom,K02000001,2021-07-14,45,155065
overview,United Kingdom,K02000001,2021-07-13,49,155020
overview,United Kingdom,K02000001,2021-07-12,42,154971
overview,United Kingdom,K02000001,2021-07-11,35,154929
overview,United Kingdom,K02000001,2021-07-10,45,154894
overview,United Kingdom,K02000001,2021-07-09,51,154849
overview,United Kingdom,K02000001,2021-07-08,41,154798
overview,United Kingdom,K02000001,2021-07-07,36,154757
overview,United Kingdom,K02000001,2021-07-06,34,154721
overview,United Kingdom,K02000001,2021-07-05,29,154687
overview,United Kingdom,K02000001,2021-07-04,29,154658
overview,United Kingdom,K02000001,2021-07-03,31,154629
overview,United Kingdom,K02000001,2021-07-02,32,154598
overview,United Kingdom,K02000001,2021-07-01,28,154566
overview,United Kingdom,K02000001,2021-06-30,26,154538
overview,United Kingdom,K02000001,2021-06-29,24,154512
overview,United Kingdom,K02000001,2021-06-28,18,154488
overview,United Kingdom,K02000001,2021-06-27,24,154470
overview,United Kingdom,K02000001,2021-06-26,17,154446
overview,United Kingdom,K02000001,2021-06-25,21,154429
overview,United Kingdom,K02000001,2021-06-24,29,154408
overview,United Kingdom,K02000001,2021-06-23,9,154379
overview,United Kingdom,K02000001,2021-06-22,17,154370
overview,United Kingdom,K02000001,2021-06-21,12,154353
overview,United Kingdom,K02000001,2021-06-20,22,154341
overview,United Kingdom,K02000001,2021-06-19,20,154319
overview,United Kingdom,K02000001,2021-06-18,18,154299
overview,United Kingdom,K02000001,2021-06-17,9,154281
overview,United Kingdom,K02000001,2021-06-16,13,154272
overview,United Kingdom,K02000001,2021-06-15,21,154259
overview,United Kingdom,K02000001,2021-06-14,12,154238
overview,United Kingdom,K02000001,2021-06-13,12,154226
overview,United Kingdom,K02000001,2021-06-12,12,154214
overview,United Kingdom,K02000001,2021-06-11,13,154202
overview,United Kingdom,K02000001,2021-06-10,16,154189
overview,United Kingdom,K02000001,2021-06-09,17,154173
overview,United Kingdom,K02000001,2021-06-08,15,154156
overview,United Kingdom,K02000001,2021-06-07,6,154141
overview,United Kingdom,K02000001,2021-06-06,13,154135
overview,United Kingdom,K02000001,2021-06-05,7,154122
overview,United Kingdom,K02000001,2021-06-04,14,154115
overview,United Kingdom,K02000001,2021-06-03,16,154101
overview,United Kingdom,K02000001,2021-06-02,12,154085
overview,United Kingdom,K02000001,2021-06-01,10,154073
overview,United Kingdom,K02000001,2021-05-31,11,154063
overview,United Kingdom,K02000001,2021-05-30,9,154052
overview,United Kingdom,K02000001,2021-05-29,12,154043
overview,United Kingdom,K02000001,2021-05-28,14,154031
overview,United Kingdom,K02000001,2021-05-27,8,154017
overview,United Kingdom,K02000001,2021-05-26,14,154009
overview,United Kingdom,K02000001,2021-05-25,10,153995
overview,United Kingdom,K02000001,2021-05-24,16,153985
overview,United Kingdom,K02000001,2021-05-23,16,153969
overview,United Kingdom,K02000001,2021-05-22,4,153953
overview,United Kingdom,K02000001,2021-05-21,18,153949
overview,United Kingdom,K02000001,2021-05-20,7,153931
overview,United Kingdom,K02000001,2021-05-19,4,153924
overview,United Kingdom,K02000001,2021-05-18,11,153920
overview,United Kingdom,K02000001,2021-05-17,13,153909
overview,United Kingdom,K02000001,2021-05-16,14,153896
overview,United Kingdom,K02000001,2021-05-15,15,153882
overview,United Kingdom,K02000001,2021-05-14,14,153867
overview,United Kingdom,K02000001,2021-05-13,15,153853
overview,United Kingdom,K02000001,2021-05-12,15,153838
overview,United Kingdom,K02000001,2021-05-11,21,153823
overview,United Kingdom,K02000001,2021-05-10,8,153802
overview,United Kingdom,K02000001,2021-05-09,11,153794
overview,United Kingdom,K02000001,2021-05-08,20,153783
overview,United Kingdom,K02000001,2021-05-07,17,153763
overview,United Kingdom,K02000001,2021-05-06,17,153746
overview,United Kingdom,K02000001,2021-05-05,22,153729
overview,United Kingdom,K02000001,2021-05-04,15,153707
overview,United Kingdom,K02000001,2021-05-03,17,153692
overview,United Kingdom,K02000001,2021-05-02,18,153675
overview,United Kingdom,K02000001,2021-05-01,15,153657
overview,United Kingdom,K02000001,2021-04-30,16,153642
overview,United Kingdom,K02000001,2021-04-29,17,153626
overview,United Kingdom,K02000001,2021-04-28,21,153609
overview,United Kingdom,K02000001,2021-04-27,25,153588
overview,United Kingdom,K02000001,2021-04-26,21,153563
overview,United Kingdom,K02000001,2021-04-25,27,153542
overview,United Kingdom,K02000001,2021-04-24,24,153515
overview,United Kingdom,K02000001,2021-04-23,29,153491
overview,United Kingdom,K02000001,2021-04-22,33,153462
overview,United Kingdom,K02000001,2021-04-21,35,153429
overview,United Kingdom,K02000001,2021-04-20,35,153394
overview,United Kingdom,K02000001,2021-04-19,23,153359
overview,United Kingdom,K02000001,2021-04-18,31,153336
overview,United Kingdom,K02000001,2021-04-17,41,153305
overview,United Kingdom,K02000001,2021-04-16,31,153264
overview,United Kingdom,K02000001,2021-04-15,43,153233
overview,United Kingdom,K02000001,2021-04-14,34,153190
overview,United Kingdom,K02000001,2021-04-13,47,153156
overview,United Kingdom,K02000001,2021-04-12,37,153109
overview,United Kingdom,K02000001,2021-04-11,40,153072
overview,United Kingdom,K02000001,2021-04-10,43,153032
overview,United Kingdom,K02000001,2021-04-09,38,152989
overview,United Kingdom,K02000001,2021-04-08,61,152951
overview,United Kingdom,K02000001,2021-04-07,45,152890
overview,United Kingdom,K02000001,2021-04-06,45,152845
overview,United Kingdom,K02000001,2021-04-05,45,152800
overview,United Kingdom,K02000001,2021-04-04,53,152755
overview,United Kingdom,K02000001,2021-04-03,41,152702
overview,United Kingdom,K02000001,2021-04-02,50,152661
overview,United Kingdom,K02000001,2021-04-01,63,152611
overview,United Kingdom,K02000001,2021-03-31,73,152548
overview,United Kingdom,K02000001,2021-03-30,54,152475
overview,United Kingdom,K02000001,2021-03-29,68,152421
overview,United Kingdom,K02000001,2021-03-28,49,152353
overview,United Kingdom,K02000001,2021-03-27,64,152304
overview,United Kingdom,K02000001,2021-03-26,75,152240
overview,United Kingdom,K02000001,2021-03-25,78,152165
overview,United Kingdom,K02000001,2021-03-24,70,152087
overview,United Kingdom,K02000001,2021-03-23,94,152017
overview,United Kingdom,K02000001,2021-03-22,107,151923
overview,United Kingdom,K02000001,2021-03-21,125,151816
overview,United Kingdom,K02000001,2021-03-20,99,151691
overview,United Kingdom,K02000001,2021-03-19,102,151592
overview,United Kingdom,K02000001,2021-03-18,100,151490
overview,United Kingdom,K02000001,2021-03-17,127,151390
overview,United Kingdom,K02000001,2021-03-16,114,151263
overview,United Kingdom,K02000001,2021-03-15,136,151149
overview,United Kingdom,K02000001,2021-03-14,135,151013
overview,United Kingdom,K02000001,2021-03-13,135,150878
overview,United Kingdom,K02000001,2021-03-12,134,150743
overview,United Kingdom,K02000001,2021-03-11,173,150609
overview,United Kingdom,K02000001,2021-03-10,161,150436
overview,United Kingdom,K02000001,2021-03-09,185,150275
overview,United Kingdom,K02000001,2021-03-08,197,150090
overview,United Kingdom,K02000001,2021-03-07,196,149893
overview,United Kingdom,K02000001,2021-03-06,210,149697
overview,United Kingdom,K02000001,2021-03-05,222,149487
overview,United Kingdom,K02000001,2021-03-04,233,149265
overview,United Kingdom,K02000001,2021-03-03,216,149032
overview,United Kingdom,K02000001,2021-03-02,244,148816
overview,United Kingdom,K02000001,2021-03-01,294,148572
overview,United Kingdom,K02000001,2021-02-28,279,148278
overview,United Kingdom,K02000001,2021-02-27,306,147999
overview,United Kingdom,K02000001,2021-02-26,302,147693
overview,United Kingdom,K02000001,2021-02-25,351,147391
overview,United Kingdom,K02000001,2021-02-24,365,147040
overview,United Kingdom,K02000001,2021-02-23,378,146675
overview,United Kingdom,K02000001,2021-02-22,377,146297
overview,United Kingdom,K02000001,2021-02-21,411,145920
overview,United Kingdom,K02000001,2021-02-20,451,145509
overview,United Kingdom,K02000001,2021-02-19,466,145058
overview,United Kingdom,K02000001,2021-02-18,521,144592
overview,United Kingdom,K02000001,2021-02-17,505,144071
overview,United Kingdom,K02000001,2021-02-16,565,143566
overview,United Kingdom,K02000001,2021-02-15,611,143001
overview,United Kingdom,K02000001,2021-02-14,601,142390
overview,United Kingdom,K02000001,2021-02-13,585,141789
overview,United Kingdom,K02000001,2021-02-12,635,141204
overview,United Kingdom,K02000001,2021-02-11,674,140569
overview,United Kingdom,K02000001,2021-02-10,712,139895
overview,United Kingdom,K02000001,2021-02-09,723,139183
overview,United Kingdom,K02000001,2021-02-08,778,138460
overview,United Kingdom,K02000001,2021-02-07,752,137682
overview,United Kingdom,K02000001,2021-02-06,787,136930
overview,United Kingdom,K02000001,2021-02-05,872,136143
overview,United Kingdom,K02000001,2021-02-04,826,135271
overview,United Kingdom,K02000001,2021-02-03,971,134445
overview,United Kingdom,K02000001,2021-02-02,959,133474
overview,United Kingdom,K02000001,2021-02-01,1005,132515
overview,United Kingdom,K02000001,2021-01-31,992,131510
overview,United Kingdom,K02000001,2021-01-30,1024,130518
overview,United Kingdom,K02000001,2021-01-29,1158,129494
overview,United Kingdom,K02000001,2021-01-28,1223,128336
overview,United Kingdom,K02000001,2021-01-27,1229,127113
overview,United Kingdom,K02000001,2021-01-26,1170,125884
overview,United Kingdom,K02000001,2021-01-25,1262,124714
overview,United Kingdom,K02000001,2021-01-24,1237,123452
overview,United Kingdom,K02000001,2021-01-23,1284,122215
overview,United Kingdom,K02000001,2021-01-22,1332,120931
overview,United Kingdom,K02000001,2021-01-21,1345,119599
overview,United Kingdom,K02000001,2021-01-20,1380,118254
overview,United Kingdom,K02000001,2021-01-19,1486,116874
overview,United Kingdom,K02000001,2021-01-18,1401,115388
overview,United Kingdom,K02000001,2021-01-17,1359,113987
overview,United Kingdom,K02000001,2021-01-16,1417,112628
overview,United Kingdom,K02000001,2021-01-15,1321,111211
overview,United Kingdom,K02000001,2021-01-14,1338,109890
overview,United Kingdom,K02000001,2021-01-13,1304,108552
overview,United Kingdom,K02000001,2021-01-12,1317,107248
overview,United Kingdom,K02000001,2021-01-11,1240,105931
overview,United Kingdom,K02000001,2021-01-10,1171,104691
overview,United Kingdom,K02000001,2021-01-09,1092,103520
overview,United Kingdom,K02000001,2021-01-08,1051,102428
overview,United Kingdom,K02000001,2021-01-07,1053,101377
overview,United Kingdom,K02000001,2021-01-06,1014,100324
overview,United Kingdom,K02000001,2021-01-05,968,99310
overview,United Kingdom,K02000001,2021-01-04,896,98342
overview,United Kingdom,K02000001,2021-01-03,807,97446
overview,United Kingdom,K02000001,2021-01-02,832,96639
overview,United Kingdom,K02000001,2021-01-01,809,95807
overview,United Kingdom,K02000001,2020-12-31,824,94998
overview,United Kingdom,K02000001,2020-12-30,760,94174
overview,United Kingdom,K02000001,2020-12-29,713,93414
overview,United Kingdom,K02000001,2020-12-28,723,92701
overview,United Kingdom,K02000001,2020-12-27,718,91978
overview,United Kingdom,K02000001,2020-12-26,692,91260
overview,United Kingdom,K02000001,2020-12-25,655,90568
overview,United Kingdom,K02000001,2020-12-24,616,89913
overview,United Kingdom,K02000001,2020-12-23,629,89297
overview,United Kingdom,K02000001,2020-12-22,629,88668
overview,United Kingdom,K02000001,2020-12-21,602,88039
overview,United Kingdom,K02000001,2020-12-20,551,87437
overview,United Kingdom,K02000001,2020-12-19,548,86886
overview,United Kingdom,K02000001,2020-12-18,586,86338
overview,United Kingdom,K02000001,2020-12-17,567,85752
overview,United Kingdom,K02000001,2020-12-16,484,85185
overview,United Kingdom,K02000001,2020-12-15,507,84701
overview,United Kingdom,K02000001,2020-12-14,506,84194
overview,United Kingdom,K02000001,2020-12-13,480,83688
overview,United Kingdom,K02000001,2020-12-12,488,83208
overview,United Kingdom,K02000001,2020-12-11,491,82720
overview,United Kingdom,K02000001,2020-12-10,496,82229
overview,United Kingdom,K02000001,2020-12-09,448,81733
overview,United Kingdom,K02000001,2020-12-08,472,81285
overview,United Kingdom,K02000001,2020-12-07,466,80813
overview,United Kingdom,K02000001,2020-12-06,436,80347
overview,United Kingdom,K02000001,2020-12-05,407,79911
overview,United Kingdom,K02000001,2020-12-04,499,79504
overview,United Kingdom,K02000001,2020-12-03,504,79005
overview,United Kingdom,K02000001,2020-12-02,414,78501
overview,United Kingdom,K02000001,2020-12-01,425,78087
overview,United Kingdom,K02000001,2020-11-30,465,77662
overview,United Kingdom,K02000001,2020-11-29,501,77197
overview,United Kingdom,K02000001,2020-11-28,486,76696
overview,United Kingdom,K02000001,2020-11-27,460,76210
overview,United Kingdom,K02000001,2020-11-26,461,75750
overview,United Kingdom,K02000001,2020-11-25,499,75289
overview,United Kingdom,K02000001,2020-11-24,496,74790
overview,United Kingdom,K02000001,2020-11-23,508,74294
overview,United Kingdom,K02000001,2020-11-22,512,73786
overview,United Kingdom,K02000001,2020-11-21,498,73274
overview,United Kingdom,K02000001,2020-11-20,485,72776
overview,United Kingdom,K02000001,2020-11-19,485,72291
overview,United Kingdom,K02000001,2020-11-18,514,71806
overview,United Kingdom,K02000001,2020-11-17,466,71292
overview,United Kingdom,K02000001,2020-11-16,431,70826
overview,United Kingdom,K02000001,2020-11-15,457,70395
overview,United Kingdom,K02000001,2020-11-14,459,69938
overview,United Kingdom,K02000001,2020-11-13,450,69479
overview,United Kingdom,K02000001,2020-11-12,430,69029
overview,United Kingdom,K02000001,2020-11-11,409,68599
overview,United Kingdom,K02000001,2020-11-10,410,68190
overview,United Kingdom,K02000001,2020-11-09,493,67780
overview,United Kingdom,K02000001,2020-11-08,433,67287
overview,United Kingdom,K02000001,2020-11-07,417,66854
overview,United Kingdom,K02000001,2020-11-06,417,66437
overview,United Kingdom,K02000001,2020-11-05,388,66020
overview,United Kingdom,K02000001,2020-11-04,340,65632
overview,United Kingdom,K02000001,2020-11-03,377,65292
overview,United Kingdom,K02000001,2020-11-02,338,64915
overview,United Kingdom,K02000001,2020-11-01,359,64577
overview,United Kingdom,K02000001,2020-10-31,340,64218
overview,United Kingdom,K02000001,2020-10-30,352,63878
overview,United Kingdom,K02000001,2020-10-29,320,63526
overview,United Kingdom,K02000001,2020-10-28,281,63206
overview,United Kingdom,K02000001,2020-10-27,285,62925
overview,United Kingdom,K02000001,2020-10-26,282,62640
overview,United Kingdom,K02000001,2020-10-25,255,62358
overview,United Kingdom,K02000001,2020-10-24,219,62103
overview,United Kingdom,K02000001,2020-10-23,225,61884
overview,United Kingdom,K02000001,2020-10-22,242,61659
overview,United Kingdom,K02000001,2020-10-21,232,61417
overview,United Kingdom,K02000001,2020-10-20,210,61185
overview,United Kingdom,K02000001,2020-10-19,193,60975
overview,United Kingdom,K02000001,2020-10-18,167,60782
overview,United Kingdom,K02000001,2020-10-17,186,60615
overview,United Kingdom,K02000001,2020-10-16,162,60429
overview,United Kingdom,K02000001,2020-10-15,152,60267
overview,United Kingdom,K02000001,2020-10-14,123,60115
overview,United Kingdom,K02000001,2020-10-13,119,59992
overview,United Kingdom,K02000001,2020-10-12,120,59873
overview,United Kingdom,K02000001,2020-10-11,128,59753
overview,United Kingdom,K02000001,2020-10-10,107,59625
overview,United Kingdom,K02000001,2020-10-09,96,59518
overview,United Kingdom,K02000001,2020-10-08,97,59422
overview,United Kingdom,K02000001,2020-10-07,110,59325
overview,United Kingdom,K02000001,2020-10-06,84,59215
overview,United Kingdom,K02000001,2020-10-05,68,59131
overview,United Kingdom,K02000001,2020-10-04,63,59063
overview,United Kingdom,K02000001,2020-10-03,70,59000
overview,United Kingdom,K02000001,2020-10-02,74,58930
overview,United Kingdom,K02000001,2020-10-01,71,58856
overview,United Kingdom,K02000001,2020-09-30,61,58785
overview,United Kingdom,K02000001,2020-09-29,48,58724
overview,United Kingdom,K02000001,2020-09-28,55,58676
overview,United Kingdom,K02000001,2020-09-27,56,58621
overview,United Kingdom,K02000001,2020-09-26,47,58565
overview,United Kingdom,K02000001,2020-09-25,40,58518
overview,United Kingdom,K02000001,2020-09-24,34,58478
overview,United Kingdom,K02000001,2020-09-23,58,58444
overview,United Kingdom,K02000001,2020-09-22,39,58386
overview,United Kingdom,K02000001,2020-09-21,30,58347
overview,United Kingdom,K02000001,2020-09-20,40,58317
overview,United Kingdom,K02000001,2020-09-19,25,58277
overview,United Kingdom,K02000001,2020-09-18,30,58252
overview,United Kingdom,K02000001,2020-09-17,38,58222
overview,United Kingdom,K02000001,2020-09-16,31,58184
overview,United Kingdom,K02000001,2020-09-15,26,58153
overview,United Kingdom,K02000001,2020-09-14,21,58127
overview,United Kingdom,K02000001,2020-09-13,20,58106
overview,United Kingdom,K02000001,2020-09-12,23,58086
overview,United Kingdom,K02000001,2020-09-11,20,58063
overview,United Kingdom,K02000001,2020-09-10,16,58043
overview,United Kingdom,K02000001,2020-09-09,14,58027
overview,United Kingdom,K02000001,2020-09-08,16,58013
overview,United Kingdom,K02000001,2020-09-07,24,57997
overview,United Kingdom,K02000001,2020-09-06,13,57973
overview,United Kingdom,K02000001,2020-09-05,14,57960
overview,United Kingdom,K02000001,2020-09-04,15,57946
overview,United Kingdom,K02000001,2020-09-03,9,57931
overview,United Kingdom,K02000001,2020-09-02,15,57922
overview,United Kingdom,K02000001,2020-09-01,11,57907
overview,United Kingdom,K02000001,2020-08-31,18,57896
overview,United Kingdom,K02000001,2020-08-30,11,57878
overview,United Kingdom,K02000001,2020-08-29,8,57867
overview,United Kingdom,K02000001,2020-08-28,12,57859
overview,United Kingdom,K02000001,2020-08-27,12,57847
overview,United Kingdom,K02000001,2020-08-26,16,57835
overview,United Kingdom,K02000001,2020-08-25,22,57819
overview,United Kingdom,K02000001,2020-08-24,10,57797
overview,United Kingdom,K02000001,2020-08-23,17,57787
overview,United Kingdom,K02000001,2020-08-22,12,57770
overview,United Kingdom,K02000001,2020-08-21,10,57758
overview,United Kingdom,K02000001,2020-08-20,16,57748
overview,United Kingdom,K02000001,2020-08-19,13,57732
overview,United Kingdom,K02000001,2020-08-18,15,57719
overview,United Kingdom,K02000001,2020-08-17,21,57704
overview,United Kingdom,K02000001,2020-08-16,15,57683
overview,United Kingdom,K02000001,2020-08-15,23,57668
overview,United Kingdom,K02000001,2020-08-14,18,57645
overview,United Kingdom,K02000001,2020-08-13,23,57627
overview,United Kingdom,K02000001,2020-08-12,24,57604
overview,United Kingdom,K02000001,2020-08-11,20,57580
overview,United Kingdom,K02000001,2020-08-10,25,57560
overview,United Kingdom,K02000001,2020-08-09,19,57535
overview,United Kingdom,K02000001,2020-08-08,22,57516
overview,United Kingdom,K02000001,2020-08-07,24,57494
overview,United Kingdom,K02000001,2020-08-06,21,57470
overview,United Kingdom,K02000001,2020-08-05,13,57449
overview,United Kingdom,K02000001,2020-08-04,27,57436
overview,United Kingdom,K02000001,2020-08-03,23,57409
overview,United Kingdom,K02000001,2020-08-02,17,57386
overview,United Kingdom,K02000001,2020-08-01,20,57369
overview,United Kingdom,K02000001,2020-07-31,31,57349
overview,United Kingdom,K02000001,2020-07-30,17,57318
overview,United Kingdom,K02000001,2020-07-29,28,57301
overview,United Kingdom,K02000001,2020-07-28,26,57273
overview,United Kingdom,K02000001,2020-07-27,18,57247
overview,United Kingdom,K02000001,2020-07-26,32,57229
overview,United Kingdom,K02000001,2020-07-25,23,57197
overview,United Kingdom,K02000001,2020-07-24,19,57174
overview,United Kingdom,K02000001,2020-07-23,36,57155
overview,United Kingdom,K02000001,2020-07-22,34,57119
overview,United Kingdom,K02000001,2020-07-21,31,57085
overview,United Kingdom,K02000001,2020-07-20,31,57054
overview,United Kingdom,K02000001,2020-07-19,24,57023
overview,United Kingdom,K02000001,2020-07-18,31,56999
overview,United Kingdom,K02000001,2020-07-17,34,56968
overview,United Kingdom,K02000001,2020-07-16,21,56934
overview,United Kingdom,K02000001,2020-07-15,41,56913
overview,United Kingdom,K02000001,2020-07-14,42,56872
overview,United Kingdom,K02000001,2020-07-13,45,56830
overview,United Kingdom,K02000001,2020-07-12,32,56785
overview,United Kingdom,K02000001,2020-07-11,38,56753
overview,United Kingdom,K02000001,2020-07-10,44,56715
overview,United Kingdom,K02000001,2020-07-09,61,56671
overview,United Kingdom,K02000001,2020-07-08,47,56610
overview,United Kingdom,K02000001,2020-07-07,43,56563
overview,United Kingdom,K02000001,2020-07-06,54,56520
overview,United Kingdom,K02000001,2020-07-05,52,56466
overview,United Kingdom,K02000001,2020-07-04,52,56414
overview,United Kingdom,K02000001,2020-07-03,48,56362
overview,United Kingdom,K02000001,2020-07-02,61,56314
overview,United Kingdom,K02000001,2020-07-01,54,56253
overview,United Kingdom,K02000001,2020-06-30,81,56199
overview,United Kingdom,K02000001,2020-06-29,69,56118
overview,United Kingdom,K02000001,2020-06-28,71,56049
overview,United Kingdom,K02000001,2020-06-27,73,55978
overview,United Kingdom,K02000001,2020-06-26,79,55905
overview,United Kingdom,K02000001,2020-06-25,108,55826
overview,United Kingdom,K02000001,2020-06-24,101,55718
overview,United Kingdom,K02000001,2020-06-23,97,55617
overview,United Kingdom,K02000001,2020-06-22,83,55520
overview,United Kingdom,K02000001,2020-06-21,80,55437
overview,United Kingdom,K02000001,2020-06-20,87,55357
overview,United Kingdom,K02000001,2020-06-19,88,55270
overview,United Kingdom,K02000001,2020-06-18,90,55182
overview,United Kingdom,K02000001,2020-06-17,105,55092
overview,United Kingdom,K02000001,2020-06-16,120,54987
overview,United Kingdom,K02000001,2020-06-15,107,54867
overview,United Kingdom,K02000001,2020-06-14,136,54760
overview,United Kingdom,K02000001,2020-06-13,101,54624
overview,United Kingdom,K02000001,2020-06-12,135,54523
overview,United Kingdom,K02000001,2020-06-11,121,54388
overview,United Kingdom,K02000001,2020-06-10,166,54267
overview,United Kingdom,K02000001,2020-06-09,137,54101
overview,United Kingdom,K02000001,2020-06-08,161,53964
overview,United Kingdom,K02000001,2020-06-07,163,53803
overview,United Kingdom,K02000001,2020-06-06,151,53640
overview,United Kingdom,K02000001,2020-06-05,184,53489
overview,United Kingdom,K02000001,2020-06-04,183,53305
overview,United Kingdom,K02000001,2020-06-03,203,53122
overview,United Kingdom,K02000001,2020-06-02,233,52919
overview,United Kingdom,K02000001,2020-06-01,199,52686
overview,United Kingdom,K02000001,2020-05-31,195,52487
overview,United Kingdom,K02000001,2020-05-30,219,52292
overview,United Kingdom,K02000001,2020-05-29,254,52073
overview,United Kingdom,K02000001,2020-05-28,288,51819
overview,United Kingdom,K02000001,2020-05-27,282,51531
overview,United Kingdom,K02000001,2020-05-26,300,51249
overview,United Kingdom,K02000001,2020-05-25,279,50949
overview,United Kingdom,K02000001,2020-05-24,281,50670
overview,United Kingdom,K02000001,2020-05-23,284,50389
overview,United Kingdom,K02000001,2020-05-22,300,50105
overview,United Kingdom,K02000001,2020-05-21,342,49805
overview,United Kingdom,K02000001,2020-05-20,353,49463
overview,United Kingdom,K02000001,2020-05-19,372,49110
overview,United Kingdom,K02000001,2020-05-18,407,48738
overview,United Kingdom,K02000001,2020-05-17,377,48331
overview,United Kingdom,K02000001,2020-05-16,419,47954
overview,United Kingdom,K02000001,2020-05-15,421,47535
overview,United Kingdom,K02000001,2020-05-14,465,47114
overview,United Kingdom,K02000001,2020-05-13,454,46649
overview,United Kingdom,K02000001,2020-05-12,441,46195
overview,United Kingdom,K02000001,2020-05-11,428,45754
overview,United Kingdom,K02000001,2020-05-10,494,45326
overview,United Kingdom,K02000001,2020-05-09,539,44832
overview,United Kingdom,K02000001,2020-05-08,569,44293
overview,United Kingdom,K02000001,2020-05-07,631,43724
overview,United Kingdom,K02000001,2020-05-06,627,43093
overview,United Kingdom,K02000001,2020-05-05,642,42466
overview,United Kingdom,K02000001,2020-05-04,676,41824
overview,United Kingdom,K02000001,2020-05-03,662,41148
overview,United Kingdom,K02000001,2020-05-02,705,40486
overview,United Kingdom,K02000001,2020-05-01,786,39781
overview,United Kingdom,K02000001,2020-04-30,780,38995
overview,United Kingdom,K02000001,2020-04-29,817,38215
overview,United Kingdom,K02000001,2020-04-28,801,37398
overview,United Kingdom,K02000001,2020-04-27,866,36597
overview,United Kingdom,K02000001,2020-04-26,894,35731
overview,United Kingdom,K02000001,2020-04-25,919,34837
overview,United Kingdom,K02000001,2020-04-24,1005,33918
overview,United Kingdom,K02000001,2020-04-23,1038,32913
overview,United Kingdom,K02000001,2020-04-22,1102,31875
overview,United Kingdom,K02000001,2020-04-21,1085,30773
overview,United Kingdom,K02000001,2020-04-20,1160,29688
overview,United Kingdom,K02000001,2020-04-19,1122,28528
overview,United Kingdom,K02000001,2020-04-18,1189,27406
overview,United Kingdom,K02000001,2020-04-17,1272,26217
overview,United Kingdom,K02000001,2020-04-16,1322,24945
overview,United Kingdom,K02000001,2020-04-15,1276,23623
overview,United Kingdom,K02000001,2020-04-14,1254,22347
overview,United Kingdom,K02000001,2020-04-13,1232,21093
overview,United Kingdom,K02000001,2020-04-12,1378,19861
overview,United Kingdom,K02000001,2020-04-11,1365,18483
overview,United Kingdom,K02000001,2020-04-10,1319,17118
overview,United Kingdom,K02000001,2020-04-09,1375,15799
overview,United Kingdom,K02000001,2020-04-08,1461,14424
overview,United Kingdom,K02000001,2020-04-07,1293,12963
overview,United Kingdom,K02000001,2020-04-06,1170,11670
overview,United Kingdom,K02000001,2020-04-05,1220,10500
overview,United Kingdom,K02000001,2020-04-04,1147,9280
overview,United Kingdom,K02000001,2020-04-03,1061,8133
overview,United Kingdom,K02000001,2020-04-02,1007,7072
overview,United Kingdom,K02000001,2020-04-01,924,6065
overview,United Kingdom,K02000001,2020-03-31,831,5141
overview,United Kingdom,K02000001,2020-03-30,711,4310
overview,United Kingdom,K02000001,2020-03-29,586,3599
overview,United Kingdom,K02000001,2020-03-28,516,3013
overview,United Kingdom,K02000001,2020-03-27,463,2497
overview,United Kingdom,K02000001,2020-03-26,413,2034
overview,United Kingdom,K02000001,2020-03-25,337,1621
overview,United Kingdom,K02000001,2020-03-24,263,1284
overview,United Kingdom,K02000001,2020-03-23,208,1021
overview,United Kingdom,K02000001,2020-03-22,183,813
overview,United Kingdom,K02000001,2020-03-21,144,630
overview,United Kingdom,K02000001,2020-03-20,118,486
overview,United Kingdom,K02000001,2020-03-19,79,368
overview,United Kingdom,K02000001,2020-03-18,73,289
overview,United Kingdom,K02000001,2020-03-17,58,216
overview,United Kingdom,K02000001,2020-03-16,51,158
overview,United Kingdom,K02000001,2020-03-15,31,107
overview,United Kingdom,K02000001,2020-03-14,21,76
overview,United Kingdom,K02000001,2020-03-13,16,55
overview,United Kingdom,K02000001,2020-03-12,13,39
overview,United Kingdom,K02000001,2020-03-11,7,26
overview,United Kingdom,K02000001,2020-03-10,3,19
overview,United Kingdom,K02000001,2020-03-09,5,16
overview,United Kingdom,K02000001,2020-03-08,2,11
overview,United Kingdom,K02000001,2020-03-07,0,9
overview,United Kingdom,K02000001,2020-03-06,2,9
overview,United Kingdom,K02000001,2020-03-05,2,7
overview,United Kingdom,K02000001,2020-03-04,1,5
overview,United Kingdom,K02000001,2020-03-03,0,4
overview,United Kingdom,K02000001,2020-03-02,1,4
overview,United Kingdom,K02000001,2020-03-01,0,3
overview,United Kingdom,K02000001,2020-02-29,0,3
overview,United Kingdom,K02000001,2020-02-28,0,3
overview,United Kingdom,K02000001,2020-02-27,0,3
overview,United Kingdom,K02000001,2020-02-26,0,3
overview,United Kingdom,K02000001,2020-02-25,0,3
overview,United Kingdom,K02000001,2020-02-24,0,3
overview,United Kingdom,K02000001,2020-02-23,0,3
overview,United Kingdom,K02000001,2020-02-22,1,3
overview,United Kingdom,K02000001,2020-02-21,0,2
overview,United Kingdom,K02000001,2020-02-20,0,2
overview,United Kingdom,K02000001,2020-02-19,0,2
overview,United Kingdom,K02000001,2020-02-18,0,2
overview,United Kingdom,K02000001,2020-02-17,0,2
overview,United Kingdom,K02000001,2020-02-16,0,2
overview,United Kingdom,K02000001,2020-02-15,0,2
overview,United Kingdom,K02000001,2020-02-14,0,2
overview,United Kingdom,K02000001,2020-02-13,0,2
overview,United Kingdom,K02000001,2020-02-12,0,2
overview,United Kingdom,K02000001,2020-02-11,0,2
overview,United Kingdom,K02000001,2020-02-10,0,2
overview,United Kingdom,K02000001,2020-02-09,0,2
overview,United Kingdom,K02000001,2020-02-08,0,2
overview,United Kingdom,K02000001,2020-02-07,0,2
overview,United Kingdom,K02000001,2020-02-06,0,2
overview,United Kingdom,K02000001,2020-02-05,0,2
overview,United Kingdom,K02000001,2020-02-04,0,2
overview,United Kingdom,K02000001,2020-02-03,0,2
overview,United Kingdom,K02000001,2020-02-02,1,2
overview,United Kingdom,K02000001,2020-02-01,0,1
overview,United Kingdom,K02000001,2020-01-31,0,1
overview,United Kingdom,K02000001,2020-01-30,1,1
